{"cameraMode":{"drawMode":0,"name":"Shaded","section":"Shading Mode"},"sceneLighting":true,"audioPlay":false,"sceneViewState":{"m_AlwaysRefresh":false,"showFog":true,"showSkybox":true,"showFlares":true,"showImageEffects":true,"showParticleSystems":true,"showVisualEffectGraphs":true,"m_FxEnabled":true},"in2DMode":false,"pivot":{"x":-13.754923820495606,"y":10.27898120880127,"z":38.519962310791019},"rotation":{"x":0.29274412989616396,"y":-0.32933780550956728,"z":0.10818894952535629,"w":0.8911421895027161},"size":7.200830936431885,"orthographic":false}