{"cameraMode":{"drawMode":0,"name":"Shaded","section":"Shading Mode"},"sceneLighting":true,"audioPlay":false,"sceneViewState":{"m_AlwaysRefresh":false,"showFog":true,"showSkybox":true,"showFlares":true,"showImageEffects":true,"showParticleSystems":true,"showVisualEffectGraphs":true,"m_FxEnabled":true},"in2DMode":false,"pivot":{"x":-11.143210411071778,"y":8.712945938110352,"z":19.507476806640626},"rotation":{"x":0.26962172985076907,"y":-0.0005796762998215854,"z":0.0001622815616428852,"w":0.962966799736023},"size":6.623867988586426,"orthographic":false}