{"cameraMode":{"drawMode":0,"name":"Shaded","section":"Shading Mode"},"sceneLighting":true,"audioPlay":false,"sceneViewState":{"m_AlwaysRefresh":false,"showFog":true,"showSkybox":true,"showFlares":true,"showImageEffects":true,"showParticleSystems":true,"showVisualEffectGraphs":true,"m_FxEnabled":true},"in2DMode":false,"pivot":{"x":29.04093360900879,"y":27.622732162475587,"z":33.97425079345703},"rotation":{"x":0.30981457233428957,"y":-0.0037063874769955875,"z":0.0012077167630195618,"w":0.9507904648780823},"size":14.140043258666993,"orthographic":false}