{"cameraMode":{"drawMode":0,"name":"Shaded","section":"Shading Mode"},"sceneLighting":false,"audioPlay":false,"sceneViewState":{"m_AlwaysRefresh":false,"showFog":true,"showSkybox":false,"showFlares":true,"showImageEffects":true,"showParticleSystems":true,"showVisualEffectGraphs":true,"m_FxEnabled":true},"in2DMode":false,"pivot":{"x":-5.24539852142334,"y":7.887042999267578,"z":30.466604232788087},"rotation":{"x":0.2254442274570465,"y":0.001461329753510654,"z":-0.00033759447978809476,"w":0.9742594361305237},"size":1.8047702312469483,"orthographic":false}