{"cameraMode":{"drawMode":0,"name":"Shaded","section":"Shading Mode"},"sceneLighting":false,"audioPlay":false,"sceneViewState":{"m_AlwaysRefresh":false,"showFog":true,"showSkybox":false,"showFlares":true,"showImageEffects":true,"showParticleSystems":true,"showVisualEffectGraphs":true,"m_FxEnabled":true},"in2DMode":false,"pivot":{"x":-12.236799240112305,"y":6.8622565269470219,"z":25.829425811767579},"rotation":{"x":0.2254442274570465,"y":0.001461329753510654,"z":-0.00033759447978809476,"w":0.9742594361305237},"size":0.6749287247657776,"orthographic":false}